{
    "mrr": 0.35495976932806195,
    "acc": 0.21123321123321123,
    "recall@3": 0.42857142857142855,
    "recall@5": 0.5262515262515263,
    "recall@10": 0.6556776556776557,
    "recall@20": 0.7509157509157509,
    "recall@50": 0.8571428571428571,
    "recall@100": 0.9035409035409036
}