{
    "mrr": 0.357080247546557,
    "acc": 0.21818181818181817,
    "recall@3": 0.41515151515151516,
    "recall@5": 0.543939393939394,
    "recall@10": 0.6575757575757576,
    "recall@20": 0.7333333333333333,
    "recall@50": 0.8378787878787879,
    "recall@100": 0.8893939393939394
}