{
    "mrr": 0.4201675929583957,
    "acc": 0.26282853566958697,
    "recall@3": 0.5043804755944932,
    "recall@5": 0.6182728410513142,
    "recall@10": 0.7659574468085106,
    "recall@20": 0.8435544430538173,
    "recall@50": 0.9148936170212766,
    "recall@100": 0.932415519399249
}